"","MMRF","Gamer1","Gamer2","Gamer3"
"",1,0,0,0
"URB1",1,1,0,0
"RFC3",1,0,0,0
"POU4F1",1,0,0,0
"SNX18P12",1,0,0,0
"SPATA13",1,0,0,0
"CELF4",1,0,0,0
"DIAPH3",1,1,1,0
"SLC14A2",1,0,0,0
"SKA1",1,1,1,1
"MYO16",1,0,0,0
"TPGS2",1,0,0,0
"DHFRP1",1,0,0,0
"KCNJ15",1,0,0,0
"N6AMT1",1,0,0,0
"TEX30",1,0,0,0
"FAM110A",1,0,0,0
"BIVM",1,0,0,0
"DGKH",1,0,0,0
"TMEM241",1,0,0,0
"RRP1B",1,1,0,0
"PIGN",1,0,0,0
"TOX2",1,0,0,0
"FAM83D",1,0,0,0
"RAP2A",1,0,0,0
"GJB2",1,0,0,0
"CNDP2",1,0,0,0
"FRY",1,0,0,0
"SLC19A1",1,1,0,0
"CDH4",1,0,0,0
"ADAMTS1",1,0,0,0
"MIS18A",1,1,0,0
"WDR4",1,0,0,0
"PRKX",1,1,0,0
"CKAP2",1,0,0,0
"RBL1",1,0,0,0
"PSMG1",1,1,0,0
"GTSE1",1,1,1,1
"SKA3",1,1,1,0
"MYBL2",1,1,0,1
"TFDP1",1,0,0,0
"ACBD7",1,0,0,0
"SCML2",1,0,0,0
"SSTR3",1,0,0,0
"ARHGAP28",1,0,0,1
"CLCN5",1,0,0,0
"HSF2BP",1,0,0,0
"CFAP47",1,0,1,0
"GGT1",1,0,0,0
"SOCS6",1,0,0,0
"SNRPD1",1,0,0,0
"SLA2",1,0,0,0
"ABHD3",1,0,0,0
"TPX2",1,1,1,1
"PRTFDC1",1,0,0,0
"FAM210A",1,0,0,0
"PTPN21",1,0,0,0
"MGME1",1,1,0,0
"PSMA8",1,0,0,0
"CEP128",1,0,0,0
"ARMH4",1,0,0,0
"SLC4A11",1,0,0,0
"CNTLN",1,1,0,1
"CCDC102B",1,0,0,0
"E2F1",1,1,0,1
"PCNA",1,1,1,1
"APOBEC3B",1,0,1,1
"BDKRB1",1,0,0,0
"CDCA4",1,1,0,0
"UMODL1",1,1,0,0
"ZWINT",1,1,1,0
"TRPM2",1,1,0,0
"LDB2",1,0,0,0
"XK",1,0,0,0
"RASEF",1,0,0,0
"C21orf58",1,1,0,0
"GART",1,1,0,0
"SPIN4",1,0,1,0
"DONSON",1,1,0,1
"ITM2A",1,0,0,0
"TIMM21",1,1,0,0
"MAGEC2",1,0,0,0
"EFCAB11",1,0,0,0
"SLC25A15",1,1,0,0
"UBE2C",1,1,1,1
"CSE1L",1,1,1,0
"IGF2BP3",1,0,0,0
"ARHGAP19",1,1,0,0
"CDCA7L",1,1,0,0
"PRELID3A",1,0,0,0
"TCFL5",1,1,0,0
"PDCD11",1,1,0,0
"THNSL1",1,1,0,0
"HMGN5",1,0,0,0
"ADCY1",1,0,0,0
"NETO2",1,0,0,0
"CLEC7A",1,0,0,0
"MAP7D3",1,0,0,0
"RBFA",1,1,0,0
"RBFADN",1,0,0,0
"SULT1B1",1,0,0,0
"CDH9",1,0,0,0
"VBP1",1,1,0,0
"CDC45",1,1,1,0
"LRRC75A",1,0,0,0
"BCAT1",1,0,0,0
"CCT6A",1,1,0,0
"NDC80",1,1,1,1
"SMC2",1,1,1,1
"SHROOM3",1,0,0,0
"MGST1",1,1,0,0
"PSPH",1,0,0,0
"NAP1L3",1,0,0,0
"NR6A1",1,0,0,0
"POLR2CP1",1,0,0,0
"SEMA3A",1,0,0,0
"ITGB1BP2",1,0,0,0
"AURKA",1,1,1,1
"ITGA2",1,0,0,0
"TYMS",1,1,0,1
"MAPK12",1,0,0,0
"SLX9",1,0,0,0
"ACYP1",1,0,0,0
"CHAF1B",1,1,0,1
"MAF",1,0,0,0
"TRPM2-AS",1,0,0,0
"HMGXB4",1,0,1,0
"WDHD1",1,1,1,1
"MELK",1,1,1,0
"MCM5",1,1,1,1
"RPP40",1,0,0,0
"DHRS2",1,0,0,0
"DEK",1,0,0,0
"SHTN1",1,0,1,0
"TLR7",1,0,0,0
"XAGE1A",1,0,0,0
"FANCF",1,0,0,0
"APOBEC3H",1,1,0,0
"ITGB7",1,0,0,0
"AOC3",1,0,0,0
"ACSS3",1,0,0,0
"BAIAP2L2",1,0,0,0
"IGFBP6",1,0,0,0
"RAB33A",1,0,0,0
"WNK4",1,0,0,0
"AIFM1",1,0,0,0
"UTP6",1,1,0,0
"SOX1-OT",1,0,0,0
"RAD18",1,1,1,0
"RTKN2",1,0,0,0
"SUPT16H",1,1,0,1
"GLIPR2",1,0,0,0
"SGO1",1,1,1,0
"XRCC3",1,1,0,0
"SERPINE1",1,0,0,0
"RFWD3",1,0,0,1
"TMEM74B",1,0,0,0
"MIS18A-AS1",1,0,0,0
"CENPQ",1,0,0,0
"ASRGL1",1,1,0,0
"RUNX2",1,0,0,0
"PKMYT1",1,1,1,0
"PEG10",1,0,0,0
"XYLB",1,1,0,0
"PAQR4",1,1,0,0
"PKHD1",1,0,0,0
"CBX8",1,0,0,0
"SRPK3",1,0,0,0
"QNG1",1,0,0,0
"ABTB2",1,0,0,0
"ARHGEF39",1,1,0,0
"LMNB1",1,1,0,0
"PDE3B",1,0,0,1
"NREP",1,0,0,0
"LINC01684",1,0,0,0
"PRIM2",1,1,0,1
"PAQR8",1,0,0,0
"GREB1",1,0,0,0
"TSPAN18",1,0,0,0
"ITGB2-AS1",1,0,0,0
"LINC01424",1,0,0,0
"LINC01547",1,0,0,0
"FILIP1",1,0,0,0
"GPR63",1,1,0,0
"MAP1B",1,0,0,0
"NLRC3",1,0,0,0
"C18orf54",1,1,0,1
"TIMM8A",1,0,0,0
"ZNF295-AS1",1,0,0,0
"ASB13",1,0,0,0
"LDLRAD3",1,0,0,0
"CEP55",1,1,1,1
"MIR17HG",1,0,0,0
"MTCL1",1,0,0,0
"KCNH8",1,0,0,0
"PCGF6",1,1,0,0
"SLC25A53",1,0,0,0
"MAD2L1",1,1,1,1
"ADSL",1,1,0,0
"POLD3",1,1,1,1
"GDF7",1,0,0,0
"CEP78",1,1,0,0
"HAUS1",1,0,0,0
"GNAZ",1,0,0,0
"SLC7A11",1,0,0,0
"MTFR2",1,1,0,0
"GCAT",1,0,0,0
"PRPS2",1,0,0,0
"SUSD1",1,0,0,0
"RASAL3",1,1,0,0
"PTPRG",1,0,0,0
"NAALAD2",1,0,0,0
"ZNF85",1,0,0,0
"HACE1",1,0,0,0
"ZNF66",1,0,0,0
"HSPA12A",1,0,0,0
"CFAP119",1,0,0,0
"ZNF714",1,0,0,0
"VSIG1",1,0,0,0
"HSD3B7",1,0,0,0
"ANKEF1",1,0,0,0
"SAPCD2",1,1,1,0
"TMEM97",1,0,0,0
"APEX2",1,1,0,1
"FLNA",1,0,0,0
"KIF11",1,1,1,1
"RAB38",1,0,0,0
"DHFR",1,1,0,0
"SH3PXD2B",1,0,0,0
"PTTG1",1,1,0,1
"PTPN13",1,1,0,0
"ZNF519",1,0,0,0
"GAS2L3",1,0,0,0
"SMC1A",1,0,0,1
"IER5L",1,0,0,0
"CCT2",1,0,1,0
"STK26",1,0,0,0
"GEMIN6",1,0,0,0
"PODXL",1,0,0,0
"MACROH2A2",1,0,0,0
"ADD2",1,0,0,0
"SH3RF1",1,0,0,0
"STRIP2",1,1,0,0
"FAM227A",1,0,0,1
"MRPL19",1,0,0,0
"GALNT14",1,0,0,0
"NCAPG2",1,1,1,1
"DAAM1",1,0,0,0
"ALG10",1,0,1,0
"FSTL5",1,0,0,0
"POLA1",1,1,0,1
"LDHAP3",1,0,0,0
"TSPAN12",1,0,0,0
"DDIT4",1,0,0,0
"DMC1",1,1,0,1
"SULT1A4",1,0,1,0
"CPED1",1,0,0,0
"SIAE",1,0,0,0
"MAP9",1,0,0,0
"ZCCHC18",1,0,0,0
"SSX1",1,0,0,0
"LDHAP7",1,0,0,0
"SMKR1",1,0,0,0
"AGK",1,1,0,0
"PLEKHH1",1,0,0,0
"AURKB",1,1,1,0
"NLN",1,1,0,0
"MIOX",1,0,0,0
"ULBP3",1,0,0,0
"TTK",1,1,1,0
"PFAS",1,1,0,0
"ENTPD1",1,1,0,0
"NEURL1B",1,1,0,0
"ESYT3",1,0,0,0
"NUP37",1,0,1,0
"MACC1",1,0,0,0
"SH3RF3",1,0,0,0
"GALM",1,0,0,0
"GINS3",1,1,0,1
"SERHL2",1,0,0,0
"CABLES2",1,0,0,1
"KLLN",1,1,0,0
"SPSB1",1,0,0,0
"ADA",1,1,0,0
"RUVBL1",1,1,0,0
"UTP14A",1,1,0,0
"RBBP8",1,1,1,1
"TWNK",1,1,0,0
"PLCXD1",1,1,0,0
"BAMBI",1,0,0,0
"ADAM8",1,0,0,0
"SERPINH1",1,0,0,0
"RNF125",1,0,0,0
"RMI2",1,1,0,0
"FOXRED2",1,0,0,0
"CNPY4",1,0,0,0
"KLK2",1,0,0,0
"CDK6",1,0,0,0
"DNMT3B",1,1,0,0
"WASF1",1,0,0,0
"TMEM177",1,0,0,0
"FBXO5",1,0,0,0
"MGAT5",1,0,0,0
"UTP20",1,0,0,0
"FARSB",1,1,0,0
"TNFSF15",1,0,0,0
"SOWAHD",1,0,0,0
"PHF19",1,1,0,1
"BCHE",1,0,0,0
"RASGRP2",1,0,0,0
"NOS3",1,0,0,0
"LDHAP4",1,0,0,0
"SLC16A8",1,0,0,0
"UTP3",1,0,0,0
"LRRC14B",1,1,0,0
"GINS1",1,1,0,1
"TYMSOS",1,0,0,0
"NEK11",1,0,0,0
"RBBP9",1,0,0,0
"CEP72",1,1,0,0
"SALL2",1,0,0,0
"DRP2",1,0,0,0
"GGCT",1,0,0,0
"L2HGDH",1,0,0,0
"DBF4B",1,1,0,0
"BAG2",1,0,0,0
"RAB23",1,0,0,0
"ADAM11",1,1,0,0
"HMGB2",1,0,0,0
"PTPRU",1,0,0,0
"NCAPG",1,1,0,0
"SNORA33",1,0,0,0
"HECW2",1,0,1,0
"MGAM",1,0,0,0
"CT55",1,0,0,0
"SLBP",1,0,0,0
"OR2B6",1,0,0,0
"KIF18B",1,1,1,0
"RIPOR2",1,0,0,0
"PRAME",1,0,0,0
"RCC2",1,1,0,0
"NXT2",1,0,0,0
"FAM111B",1,1,1,1
"ARL4C",1,0,0,0
"MEST",1,0,0,0
"DLGAP5",1,1,1,1
"TNIK",1,1,0,0
"MDH1B",1,0,0,0
"MCM8",1,1,1,0
"CEL",1,0,0,0
"CLSPN",1,1,1,1
"CEND1",1,0,0,0
"TNFSF9",1,0,0,0
"CD70",1,0,0,0
"AFG2A",1,0,0,0
"SPRY1",1,0,0,0
"DDO",1,0,0,0
"TTLL9",1,0,0,0
"ASAH2",1,0,0,0
"CCDC137",1,1,0,0
"MRPL12",1,0,0,0
"NAALADL2",1,1,0,0
"SLC25A10",1,1,0,0
"ZNF485",1,0,0,0
"CENPI",1,1,1,1
"HAUS7",1,1,0,0
"PRF1",1,1,0,0
"ADAMTS14",1,0,0,0
"SNCAIP",1,0,0,0
"KLRG1",1,0,0,0
"CALHM2",1,1,0,0
"CCNA2",1,1,1,1
"MACROD2",1,0,0,0
"SH3BP1",1,1,0,0
"INHBC",1,0,0,0
"IL4I1",1,0,0,0
"TRIM47",1,1,0,0
"PARS2",1,1,0,0
"DIXDC1",1,0,0,0
"EVPL",1,0,0,0
"TIMM8B",1,0,0,0
"SCPEP1",1,0,0,0
"CDC42EP1",1,1,0,0
"B4GALNT1",1,0,1,0
"ZFP82",1,0,0,0
"KCTD13-DT",1,0,0,0
"CDKN2C",1,1,1,0
"CEP41",1,1,0,0
"SETP14",1,0,0,0
"CLSTN2",1,0,0,0
"LRP8",1,0,0,0
"ZNF724",1,0,0,0
"SLC4A10",1,0,0,0
"LDB3",1,0,0,0
"KCNMB4",1,0,0,0
"PLCB1",1,0,0,0
"VLDLR",1,0,0,0
"C12orf75",1,0,0,0
"POLR3G",1,1,0,0
"LRRC61",1,1,0,0
"GABRG2",1,1,1,1
"ZNF217-AS1",1,0,0,0
"USP1",1,1,1,0
"RCOR2",1,0,0,0
"PLK1",1,1,1,1
"ZNF585B",1,0,0,0
"MKS1",1,0,0,0
"JPT2",1,1,0,0
"PTK7",1,0,0,0
"AK4",1,0,0,0
"MAGEA3",1,0,0,0
"OSBPL6",1,1,0,0
"CCNF",1,1,1,0
"TEDC2",1,1,0,0
"NSDHL",1,1,0,0
"GEMIN5",1,1,0,0
"DTYMK",1,1,0,0
"SPAG5",1,1,1,1
"DPF3",1,0,0,0
"UBE2S",1,0,0,1
"PHF6",1,0,0,0
"DYNC2I2",1,0,0,0
"HPRT1",1,0,0,0
"RPF2",1,0,0,0
"SMC1B",1,0,0,0
"ASTN2",1,0,0,0
"RIBC2",1,0,0,0
"CLTCL1",1,0,0,0
"ASB2",1,1,0,0
"ABCB1",1,0,0,0
"OTUB2",1,0,0,1
"SKA2",1,0,0,0
"PRR11",1,1,1,1
"GPR132",1,0,0,0
"CPNE7",1,0,0,0
"CENPW",1,1,1,0
"TMEM200A",1,0,0,0
"NEGR1",1,0,0,0
"BRCC3",1,1,0,0
"KY",1,0,0,0
"ZNF527",1,1,0,0
"CRIP2",1,1,0,0
"ZNF569",1,0,0,0
"TUBA1B",1,0,0,0
"ZNF200",1,0,0,0
"ZNF607",1,0,0,0
"FKBP5",1,0,0,0
"CRIP1",1,0,0,0
"RFC2",1,1,0,1
"SLC29A2",1,0,0,0
"NRN1",1,0,0,0
"MAGEA6",1,0,0,0
"TRBC2",1,0,0,0
"VCX",1,0,0,0
"LRRC46",1,0,0,0
"FEN1",1,1,1,0
"CDKN3",1,1,1,1
"H3C2",1,0,0,0
"IFI30",1,0,0,0
"GPRIN1",1,0,0,0
"SRFBP1",1,0,0,0
"KIF24",1,1,0,0
"LOX",1,0,0,0
"SUV39H1",1,1,0,1
"EPHB4",1,0,0,0
"MSH5",1,1,0,0
"JPT1",1,0,0,0
"COA7",1,1,0,0
"TRO",1,0,0,0
"GCLM",1,0,0,0
"APOBEC3A",1,0,0,0
"SKP2",1,0,0,0
"CHEK2",1,0,0,0
"GUCY1B1",1,0,0,0
"EEF1AKMT4",1,1,0,0
"HJURP",1,1,1,1
"MND1",1,0,0,0
"SPNS2",1,0,0,0
"MIR663A",1,0,0,0
"ZNF30",1,0,0,0
"ZNF570",1,0,0,0
"RANBP1",1,1,0,0
"SMARCA1",1,0,0,0
"CENPU",1,1,1,1
"CD320",1,1,0,0
"IGSF9B",1,0,0,0
"SLC43A3",1,1,0,0
"ATIC",1,1,0,1
"PSMC3IP",1,1,0,0
"SPC25",1,1,1,1
"MATCAP1",1,0,0,0
"NEMP1",1,0,1,0
"LRP2",1,0,0,0
"PLEKHH3",1,0,0,0
"TK1",1,1,0,0
"BIRC5",1,1,1,0
"SCNM1",1,1,0,0
"FHOD1",1,1,0,0
"SPA17",1,0,0,0
"TMEM106C",1,0,1,0
"TMSB15B-AS1",1,0,0,0
"LYSMD1",1,0,0,0
"HSD11B2",1,1,0,0
"KIF4A",1,1,1,1
"SCLY",1,1,0,0
"STEAP1B",1,0,0,0
"CDH15",1,0,0,0
"IFT56",1,0,0,0
"GTF2H3",1,0,1,0
"FIRRM",1,0,0,0
"SEPTIN11",1,0,0,0
"MCM10",1,1,1,1
"FEZF1",1,1,0,1
"NME7",1,1,0,0
"PLAAT2",1,0,0,0
"RCSD1",1,0,0,0
"PCDH18",1,0,0,0
"TEX13C",1,0,0,0
"SUV39H2",1,0,0,0
"FANCB",1,0,0,0
"CHRNG",1,0,0,0
"SNORA71B",1,0,0,0
"RELN",1,0,0,0
"GNAS-AS1",1,0,0,0
"SLC25A43",1,0,0,0
"NOP56",1,1,0,0
"MRPS35",1,0,0,0
"HROB",1,0,0,0
"LEF1",1,0,0,1
"MTHFD1L",1,0,0,0
"TDO2",1,0,0,0
"ATP6V1G2",1,0,0,0
"CDC25C",1,1,0,0
"ELOVL6",1,0,0,0
"NIBAN1",1,0,0,0
"CHAF1A",1,1,1,1
"DCTPP1",1,1,0,0
"NUF2",1,1,1,1
"MSN",1,0,1,0
"AMMECR1",1,0,0,0
"DKC1",1,0,0,0
"HPSE",1,1,0,0
"TARBP1",1,0,0,0
"NELL2",1,0,0,0
"TFB2M",1,0,0,0
"HYCC1",1,0,0,0
"ADAT3",1,0,0,0
"NUDT1",1,1,0,0
"INTS7",1,1,1,0
"LMNB2",1,1,0,1
"CDH24",1,0,0,0
"HTR2C",1,0,0,0
"TLR8",1,0,0,0
"TUBG1",1,1,0,1
"CCR10",1,0,0,0
"CNTNAP1",1,0,0,0
"TTLL12",1,1,0,0
"HELLS",1,1,1,1
"CLGN",1,0,0,0
"FNDC8",1,0,0,0
"CASP6",1,1,0,0
"GAR1",1,1,1,0
"RRH",1,0,0,0
"DTL",1,1,1,1
"LRIT3",1,0,0,0
"STEAP4",1,0,0,0
"ADAM22",1,0,0,0
"ST3GAL4",1,1,0,0
"PFKP",1,1,0,0
"KIAA0319",1,0,0,0
"RMI1",1,1,1,0
"ILDR2",1,0,0,0
"GMNN",1,1,0,0
"KIF26B",1,0,0,0
"RRP15",1,0,1,0
"CDK1",1,1,1,0
"NEK2",1,1,1,1
"BMS1P22",1,0,0,0
"TOMM40P2",1,0,0,0
"AFAP1",1,0,0,0
"MIR646HG",1,1,0,0
"RGS18",1,0,0,0
"CENPM",1,1,0,0
"SULT1A2",1,0,0,0
"NSL1",1,0,0,0
"RNF157",1,0,0,0
"KIF5A",1,1,0,0
"LRIG1",1,0,0,0
"TUBB",1,1,0,1
"EZH2",1,1,0,1
"RNASEH2A",1,0,0,0
"GHET1",1,0,0,0
"PLA2G4A",1,0,0,0
"LPGAT1",1,0,0,0
"SEMA3D",1,0,1,0
"CCDC14",1,0,0,0
"NIFK",1,0,0,0
"HSD17B6",1,0,0,0
"LAMB3",1,0,1,0
"RTN4RL2",1,0,0,0
"ATP6V0E2",1,0,0,0
"PPAT",1,1,0,0
"IL17RE",1,0,0,0
"RETREG1",1,0,0,0
"ESPL1",1,1,1,0
"HADH",1,1,0,0
"COQ3",1,0,0,0
"MCF2",1,0,0,0
"NPHP1",1,0,0,0
"IL27RA",1,0,0,0
"ASF1B",1,1,0,0
"FLVCR1",1,1,0,0
"LCLAT1",1,1,0,0
"TMSB15C",1,0,0,0
"CBX5",1,0,0,0
"NCAPD2",1,1,0,1
"SMIM10",1,0,0,0
"CERS6",1,0,0,0
"COLGALT2",1,1,0,0
"TACC3",1,1,1,1
"ADGRL3",1,0,0,0
"SH3BP5L",1,0,0,0
"DMD",1,0,0,0
"CDC7",1,1,0,0
"SYT16",1,0,0,0
"RPGRIP1L",1,0,0,0
"KCTD3",1,0,0,0
"AHSA1",1,0,0,0
"HHAT",1,0,0,0
"HYLS1",1,1,0,0
"ASF1A",1,0,0,0
"TRIM59",1,0,0,0
"RN7SL333P",1,0,0,0
"WEE1",1,0,0,0
"TMEM132A",1,0,0,0
"DUXAP8",1,0,0,0
"CD6",1,0,0,0
"CTH",1,0,0,0
"FRG1FP",1,0,0,0
"E2F2",1,1,0,1
"CENPN",1,1,1,1
"GALE",1,0,0,0
"EME1",1,1,0,0
"ITPRIPL2",1,0,0,0
"PLEKHG4",1,0,0,0
"TRIP13",1,1,1,1
"FAM238C",1,0,0,0
"ABCF2-H2BK1",1,0,0,0
"CCDC150",1,1,0,0
"TMEM255A",1,0,0,0
"CDKN2A",1,0,0,0
"CDKN2B",1,0,0,0
"RNFT2",1,0,1,0
"ERCC6L",1,1,0,0
"BEND6",1,0,0,0
"RRM1",1,1,1,0
"EFNA3",1,0,0,0
"PGAP1",1,0,0,0
"DUSP7",1,0,0,0
"POC1A",1,1,0,0
"REXO5",1,0,0,0
"CKS2",1,0,0,0
"TIGD2",1,0,0,0
"DDIAS",1,0,1,0
"SPRED1",1,0,0,0
"SNRPE",1,0,0,0
"HSPE1",1,0,0,0
"HMGB3",1,0,0,0
"RAD51",1,1,0,0
"AKNA",1,0,0,0
"HRH2",1,1,0,0
"KLHL23",1,0,0,0
"HSPD1",1,0,0,0
"CHRM3",1,0,0,0
"FRMD5",1,0,0,0
"FDXR",1,1,0,0
"CCNB2",1,1,1,1
"MAML3",1,0,0,0
"SYT11",1,0,0,0
"PTPDC1",1,1,0,0
"PCDHB3",1,0,0,0
"PIANP",1,0,0,0
"PCDHB6",1,1,0,0
"BRIP1",1,1,1,1
"PCDHB15",1,1,0,0
"UBQLN4",1,0,0,0
"CENPE",1,1,1,1
"KIFC1",1,1,1,1
"LYAR",1,1,0,0
"TMEM79",1,0,0,0
"TLR4",1,0,0,0
"CCT3",1,0,0,0
"MYO1E",1,0,0,0
"SYNGAP1",1,1,0,0
"MEX3A",1,0,0,0
"MTHFD1",1,1,0,0
"WIPF3",1,0,0,0
"RUNDC3B",1,0,0,0
"COA6",1,1,0,0
"RFX2",1,1,0,0
"LRRC7",1,0,0,0
"PDSS1",1,1,0,0
"PSMD4",1,0,0,0
"TAGLN2",1,0,0,0
"PARPBP",1,1,1,0
"CDCA3",1,1,0,0
"IQCH",1,0,0,0
"ECT2",1,1,1,0
"MIPOL1",1,0,0,0
"HMMR",1,1,1,1
"CD5",1,0,0,0
"ANKRD13B",1,1,0,0
"CSTF2",1,1,0,0
"FGF13",1,0,0,0
"RRM2",1,1,1,0
"F12",1,0,0,0
"SPDL1",1,1,0,0
"LRR1",1,0,0,1
"POLE2",1,1,1,0
"KCNAB3",1,0,0,0
"PXMP2",1,1,0,0
"PRR15",1,0,0,0
"ATP11C",1,0,0,0
"CSPG4",1,0,0,0
"WDR62",1,1,1,1
"CCNB1",1,1,1,1
"EREG",1,0,0,0
"FASN",1,1,0,0
"IL32",1,0,0,0
"THOC3",1,0,0,0
"LMAN1L",1,0,0,0
"NRM",1,0,0,0
"DPYSL2",1,0,0,0
"DPY19L1",1,0,0,0
"MKI67",1,1,1,1
"SLC25A37",1,0,0,0
"DOCK5",1,0,0,0
"CHRNA5",1,1,0,0
"TAF5LP1",1,0,0,0
"TOMM20P2",1,0,0,0
"STEAP1",1,0,0,0
"PIH1D2",1,0,0,0
"ZNF573",1,0,0,0
"SOS1-IT1",1,0,0,0
"MTHFD2",1,0,0,0
"SLFN13",1,0,1,0
"RAD9B",1,0,0,0
"ZNF503",1,0,0,0
"BCS1L",1,1,0,0
"CENATAC-DT",1,0,0,0
"AGFG2",1,1,0,0
"SAP25",1,0,0,0
"PTCD2",1,0,0,0
"TTLL4",1,1,0,1
"TROAP",1,1,1,0
"CBX2",1,0,0,0
"MYH10",1,1,0,0
"DACT1",1,1,0,0
"TEDC1",1,1,0,0
"GABRA3",1,0,0,0
"PEX5L",1,0,0,0
"CA8",1,0,0,0
"CENPH",1,1,1,1
"KIF22",1,1,0,1
"PPOX",1,0,0,0
"ZFHX4",1,0,0,0
"FN1",1,0,0,0
"TOMM40L",1,1,0,0
"DCK",1,0,0,0
"USP13",1,0,0,0
"POU5F1",1,0,0,0
"NR1I3",1,0,0,0
"ERI2",1,1,0,0
"TRGV2",1,0,0,0
"TMEM121",1,0,0,0
"IGF1R",1,0,0,0
"XRCC2",1,1,1,0
"TENM1",1,0,1,1
"ABCC11",1,0,0,0
"DUXAP9",1,0,1,0
"POLR1G",1,0,0,0
"CA3",1,0,0,0
"HNF4G",1,0,0,0
"APOBR",1,0,0,0
"STAU2",1,0,0,0
"LEO1",1,0,0,0
"TMOD3",1,1,1,0
"DNA2",1,1,1,0
"CFAP263",1,0,0,0
"SPINK5",1,0,0,0
"POLD2",1,1,0,0
"GPR89B",1,0,1,0
"MFAP1",1,0,0,0
"SLC35B4",1,0,0,0
"SGCB",1,0,0,0
"RECQL",1,0,0,0
"AIMP2",1,1,0,0
"FABP5",1,0,0,1
"SPX",1,0,0,0
"H3C8",1,0,0,0
"SAMD9",1,0,0,0
"HEPACAM2",1,1,0,0
"HAUS8",1,0,0,0
"PANK1",1,1,0,0
"POP1",1,1,0,0
"TLCD3B",1,0,0,0
"WDR76",1,1,1,1
"BUB1B",1,1,1,0
"AUTS2",1,0,0,0
"BRI3BP",1,0,0,0
"AUNIP",1,1,0,0
"COL5A1",1,0,0,0
"THSD8",1,1,0,0
"KIF2C",1,1,0,1
"RAB40A",1,0,0,0
"DOCK11",1,0,0,0
"CA13",1,0,0,0
"TCL6",1,1,0,0
"BUB1",1,1,1,1
"C10orf88B",1,0,0,0
"DUXAP10",1,0,0,0
"TAS1R1",1,0,0,0
"HEATR1",1,1,0,0
"NUAK1",1,0,0,0
"CCDC187",1,0,0,0
"SLC5A11",1,0,0,0
"RAD54B",1,1,0,0
"ZNF883",1,0,0,0
"POLR3K",1,1,0,0
"EPDR1",1,0,0,0
"ATP5MF-PTCD1",1,0,0,0
"ZNF284",1,0,0,0
"PADI2",1,0,0,0
"AFMID",1,1,0,0
"EYA1",1,0,0,0
"ZNF367",1,1,1,0
"CD33",1,0,0,0
"SANBR",1,0,0,0
"ZNF354C",1,0,0,0
"PVRIG",1,0,0,0
"FZD8",1,0,0,0
"CCDC51",1,1,0,0
"SNAI2",1,0,0,0
"MTBP",1,1,1,1
"RASSF4",1,0,0,0
"MRPL13",1,1,0,0
"KIF20B",1,0,0,0
"LAIR1",1,0,0,0
"KNOP1",1,1,0,0
"TBCE",1,0,0,0
"FBXO43",1,0,0,0
"ANKRD23",1,0,0,0
"ITGB1",1,0,0,0
"MIR503HG",1,0,0,0
"SPIB",1,0,0,0
"NCALD",1,0,0,0
"CREB3L4",1,1,0,0
"HCCS-DT",1,0,0,0
"TRERF1",1,0,0,0
"DPY19L2P2",1,1,0,0
"PUS7",1,1,0,0
"TMEM132B",1,0,0,0
"HSPA4L",1,0,0,0
"RFC4",1,1,0,0
"LINC01518",1,0,0,0
"CENPP",1,1,0,0
"PLK4",1,1,1,1
"NR1I2",1,0,0,0
"PRR22",1,1,0,0
"SLA",1,0,0,0
"MAP3K12",1,1,0,0
"SEMA3G",1,0,1,0
"EIF4A3",1,0,0,0
"PTCSC1",1,0,0,0
"AMACR",1,0,0,0
"TBC1D31",1,1,0,0
"NUDT11",1,0,0,0
"WDR31",1,0,0,0
"LINC02870",1,0,0,0
"CSPG5",1,0,0,0
"PCLAF",1,1,1,0
"TERT",1,1,0,0
"SRPK2",1,0,0,0
"TSACC",1,0,0,0
"FIRRE",1,0,0,0
"CDC25A",1,1,0,0
"SOCS5P4",1,0,0,0
"TG",1,1,0,0
"KRT8",1,0,0,0
"TMEM164",1,0,0,0
"CASC2",1,0,0,0
"LANCL3",1,1,0,0
"ENTPD1-AS1",1,0,0,0
"CORO1A",1,0,0,0
"IFT81",1,0,0,0
"RPL12P25",1,0,0,0
"FBXL13",1,0,0,1
"LRRC49",1,0,0,0
"ANK2",1,0,0,0
"POGK",1,0,1,0
"CDT1",1,1,0,1
"ST8SIA6-AS1",1,0,0,0
"CENPO",1,1,0,1
"ZBTB32",1,0,0,0
"RGL1",1,0,0,0
"ADCY3",1,1,0,0
"FANCA",1,1,0,0
"SNTB1",1,0,0,0
"HASPIN",1,1,0,0
"CCR1",1,0,0,1
"MESP2",1,0,0,0
"SLF1",1,0,1,0
"TUBA1C",1,0,0,0
"POLD1",1,1,0,1
"MMS22L",1,1,1,1
"LAT",1,0,0,0
"ATAD2",1,1,1,1
"KIF5C",1,0,0,0
"MEFV",1,0,0,0
"RAD51C",1,1,0,0
"CCT5",1,1,0,0
"ABCB10",1,0,1,0
"URB2",1,0,1,0
"AMH",1,1,0,0
"ZNF300P1",1,0,0,0
"WDR90",1,1,0,0
"IL18R1",1,0,0,0
"GLDC",1,0,0,0
"ZNF793",1,0,0,0
"FANCD2",1,0,0,1
"FTSJ3",1,1,0,0
"NDN",1,0,0,0
"KIF23",1,1,1,1
"UMPS",1,1,0,0
"MDM2",1,0,1,0
"ZNF382",1,0,0,0
"CDON",1,0,0,0
"MRM1",1,0,0,0
"TMC8",1,0,0,0
"HBEGF",1,0,0,0
"PCSK6",1,0,0,0
"ZNF726",1,0,0,0
"POLR1A",1,1,0,0
"APBB1IP",1,0,0,0
"SLX4",1,1,0,0
"FBN2",1,0,0,0
"FCMR",1,0,0,0
"TMC6",1,0,0,0
"PRMT6",1,0,0,0
"STAT5B",1,0,0,0
"RAN",1,0,0,0
"DNAH3",1,0,0,0
"OIP5",1,1,0,0
"NUSAP1",1,1,1,1
"ORC1",1,1,1,0
"MMP15",1,1,0,0
"CD3E",1,0,1,1
"POLQ",1,1,1,1
"DPF1",1,0,0,0
"ARGFX",1,0,0,0
"FBXO40",1,0,0,0
"NVL",1,0,1,0
"BICDL1",1,0,0,0
"TYRO3",1,0,0,0
"PI15",1,0,0,0
"C9orf40",1,1,0,0
"GDAP1",1,0,0,0
"RASGRF1",1,0,0,0
"SCX",1,0,0,0
"MCM3",1,1,0,1
"BRME1",1,0,0,0
"C5orf58",1,0,0,0
"SAPCD1",1,0,0,0
"CCDC192",1,0,0,0
"FIGNL1",1,1,1,0
"ECM1",1,1,0,0
"BOP1",1,1,0,0
"COLGALT1",1,1,0,0
"CHST10",1,0,0,0
"STPG3-AS1",1,0,0,0
"NQO1",1,1,0,0
"ANXA1",1,0,0,0
"TRIM17",1,0,0,0
"LCT",1,1,0,0
"MCM7",1,1,0,1
"ANKFN1",1,0,0,0
"GRM4",1,0,0,0
"BLM",1,1,0,0
"ZNRF2P1",1,0,0,0
"ZNRF2P2",1,0,0,0
"TRPS1",1,0,0,0
"HMGA1",1,0,0,0
"TTBK1",1,0,0,0
"PACSIN1",1,0,0,0
"RSPH10B",1,0,0,0
"POMK",1,0,0,1
"COL6A3",1,0,0,0
"FSD2",1,0,0,0
"SCN2A",1,0,0,0
"DARS2",1,1,0,0
"CELF6",1,0,0,0
"RAD51AP1",1,1,1,0
"ARHGAP30",1,0,0,0
"PFDN2",1,0,0,0
"GALNT8",1,0,0,0
"SLC13A4",1,0,0,0
"DPY19L2",1,0,1,0
"LINC02878",1,0,0,0
"FAM83H",1,1,0,0
"CBARP",1,0,0,0
"FSTL4",1,1,0,0
"SPC24",1,1,1,1
"CHI3L2",1,0,0,0
"APBA2",1,1,0,0
"STK31",1,0,0,0
"ARNT",1,1,1,0
"SORD",1,1,0,0
"DUOX1",1,0,0,0
"EPHB6",1,0,0,0
"PARP1",1,0,0,0
"CDIN1",1,0,0,0
"HGH1",1,1,0,0
"TSSK5P",1,0,0,0
"NDUFS2",1,1,1,0
"MCMDC2",1,0,0,0
"GRPEL2",1,1,0,0
"NASP",1,0,0,0
"PCYOX1L",1,1,0,1
"NUDCD1",1,0,0,0
"HPX",1,0,0,0
"TIMELESS",1,1,0,1
"HERC2P4",1,0,0,0
"HERC2P5",1,0,0,0
"GPR83",1,1,0,0
"GRM3",1,0,0,0
"BMAL2",1,0,0,0
"ANLN",1,1,1,1
"SRD5A1",1,1,0,0
"MYH15",1,1,0,0
"H2AX",1,0,0,0
"GGH",1,0,0,0
"WDR12",1,1,0,0
"FYN",1,0,0,0
"IFT22",1,0,0,0
"MYLK",1,0,0,0
"DEPDC1B",1,1,0,1
"EPHB2",1,1,0,0
"TOPBP1",1,1,1,1
"SHOX2",1,0,0,0
"FOXM1",1,1,1,1
"UHRF1",1,1,0,1
"KIFC3",1,0,0,0
"POT1-AS1",1,0,0,0
"UNG",1,0,0,0
"TCF19",1,1,0,1
"POLE",1,1,1,1
"UNC5C",1,0,0,0
"NCAPD3",1,1,0,0
"TIPIN",1,1,1,0
"SHCBP1",1,1,1,0
"ORC6",1,0,0,0
"LIN9",1,0,0,0
"LINC02893",1,0,0,0
"CIP2A",1,1,0,0
"TMEM71",1,0,0,0
"GPT2",1,0,0,0
"ZWILCH",1,1,0,1
"ARHGAP11A",1,1,1,1
"FGR",1,0,0,0
"MST1",1,1,0,0
"CHTF18",1,1,0,0
"REEP4",1,1,0,1
"APBB2",1,1,0,0
"LINC02937",1,0,0,0
"TRIM72",1,0,0,0
"KIF20A",1,1,1,1
"LINC01287",1,0,0,0
"USP2",1,0,0,0
"NTAN1P2",1,0,0,0
"CENPK",1,1,1,1
"CDC20",1,1,1,1
"CCDC77",1,0,0,0
"LPAL2",1,0,0,0
"KNSTRN",1,1,0,0
"ASPM",1,1,1,1
"CHD3",1,0,0,0
"AGPAT4",1,0,0,0
"ANKRD18CP",1,0,0,0
"STK33",1,1,0,0
"SLC16A10",1,0,0,0
"IQGAP3",1,1,1,0
"MNX1-AS1",1,0,0,0
"BCAN-AS1",1,0,0,0
"BCAN",1,0,0,0
"CCDC141",1,0,0,0
"SCG5",1,0,0,0
"MAP3K4-AS1",1,0,0,0
"PAX6",1,0,0,0
"RARB",1,0,0,0
"PRCC",1,1,0,0
"SRCIN1",1,0,0,0
"LCTL",1,0,0,0
"MFGE8",1,0,0,0
"FAAP24",1,0,0,0
"TRAIP",1,1,1,0
"PRIM1",1,1,0,0
"OXCT1",1,0,0,0
"TICRR",1,1,1,0
"SASS6",1,1,0,0
"FANCI",1,1,1,1
"PAICS",1,0,0,0
"LINC02932",1,0,0,0
"ABCA17P",1,0,0,0
"SAE1",1,0,0,1
"TMEM98",1,0,0,0
"ITGA7",1,1,0,0
"CAD",1,1,0,0
"CCL28",1,1,0,0
"C5orf34",1,0,0,0
"SCN9A",1,0,0,0
"ELFN1-AS1",1,0,0,0
"NEIL3",1,0,0,0
"NT5C3AP1",1,0,0,0
"PSTPIP1",1,0,0,0
"SNTB2",1,0,0,0
"HOXB3",1,0,0,0
"HOXB7",1,0,0,0
"ADORA2B",1,0,0,0
"FAM98B",1,0,0,0
"ENC1",1,0,0,0
"HSPD1P4",1,0,0,0
"MYOM2",1,0,0,0
"GGNBP1",1,0,0,0
"CFAP20DC",1,0,0,0
"CFAP92",1,0,0,0
"MYB",1,0,0,0
"DNMT1",1,1,1,1
"RAB37",1,0,0,0
"KNL1",1,1,1,1
"CLIP4",1,0,0,0
"NUP210",1,0,0,0
"SYNPO",1,0,0,0
"CXCR1",1,0,0,0
"AGPAT5",1,0,0,0
"ZNF300",1,1,1,0
"PRR15-DT",1,0,0,0
"SV2A",1,0,0,0
"CACNA1C",1,0,0,0
"SF3B4",1,0,0,0
"KIF21B",1,1,0,0
"GLT1D1",1,0,0,0
"ZNF880",1,0,0,0
"CACNB1",1,1,1,1
"OR7E7P",1,0,0,0
"SAMD13",1,0,0,0
"OR7E38P",1,0,0,0
"TNFRSF10C",1,0,0,0
"LEFTY2",1,0,0,0
"RACGAP1",1,1,1,0
"MAT2A",1,0,0,0
"SAC3D1",1,1,0,0
"TBC1D16",1,0,0,0
"PMS2P8",1,0,0,0
"RCCD1",1,1,0,0
"RECQL4",1,1,0,1
"PRC1",1,1,0,0
"CDCA5",1,1,1,0
"SV2B",1,0,0,0
"ETV4",1,0,0,0
"CIT",1,1,1,1
"NMB",1,0,0,0
"TMC5",1,0,0,0
"NIHCOLE",1,0,0,0
"CDYL2",1,0,0,0
"GINS2",1,0,0,0
"CSMD1",1,0,0,0
"KLHL29",1,0,0,0
"TSEN15",1,0,1,0
"DLX4",1,0,0,0
"TONSL",1,1,0,1
"TMTC1",1,1,0,0
"RAC3",1,1,0,0
"CROCC2",1,0,0,0
"PLEKHA8P1",1,0,0,0
"RAD21",1,0,0,0
"PKP2",1,0,0,0
"ZNF542P",1,0,0,0
"ZNF788P",1,1,0,0
"KIR3DX1",1,0,0,0
"LINC02506",1,0,0,0
"ZNF829",1,0,0,0
"LINC02241",1,0,0,0
"KDM4D",1,0,0,0
"ENDOD1",1,0,0,0
"RAG1",1,0,0,0
"MYCBPAP",1,1,0,0
"ZNF747-DT",1,0,0,0
"STIL",1,1,1,1
"LRFN4",1,1,0,0
"ATAD5",1,1,1,1
"DSP",1,0,0,0
"ZNF285",1,0,0,0
"ZNF229",1,0,0,0
"ZNF285BP",1,0,0,0
"HPDL",1,0,0,0
"CCDC138",1,0,0,0
"LINC01572",1,0,0,0
"TMPO",1,1,1,0
"LYG2",1,0,0,0
"LINC01229",1,0,0,0
"GTSF1",1,0,0,0
"PITPNC1",1,0,0,0
"SNHG3",1,0,0,0
"DNAJA4",1,0,0,0
"ICAM5",1,0,0,0
"GLMN",1,1,0,0
"TESPA1",1,0,0,0
"TRIM58",1,0,0,0
"FANCL",1,0,0,0
"NAPSA",1,0,0,0
"ARHGAP11B",1,1,0,0
"FAM187A",1,0,0,0
"MIR9-2HG",1,0,0,0
"CCT4",1,0,0,0
"CDCA7",1,0,0,0
"RFC5",1,1,1,1
"GINS4",1,1,0,1
"BYSL",1,1,0,0
"ATP2A1-AS1",1,0,0,0
"MLLT11",1,0,0,0
"FH",1,1,0,0
"FRG1-DT",1,1,0,0
"ZNF311",1,0,0,0
"OPN3",1,0,0,0
"CHML",1,0,1,0
"ATAD3A",1,1,0,0
"MAP1A",1,0,0,0
"STK39",1,0,0,0
"CXCR2",1,0,0,0
"INTS2",1,1,0,0
"EXO1",1,1,1,1
"TMEM249",1,0,0,0
"UBE2V2",1,0,0,0
"SSUH2",1,0,0,0
"RAD51D",1,0,0,0
"OXTR",1,0,0,0
"H4C2",1,0,0,0
"TREML2",1,0,0,0
"LBR",1,1,1,0
"DNAH14",1,0,0,0
"ODAD1",1,0,0,0
"SHMT1",1,1,0,0
"DDX11-AS1",1,1,0,0
"POLR1B",1,1,0,0
"LINC02616",1,0,0,0
"ZNF124",1,0,0,0
"MMP25",1,0,0,0
"FAM72C",1,0,0,0
"CKAP2L",1,1,1,1
"HSPG2",1,0,0,0
"PIMREG",1,1,0,0
"ZNF93",1,0,0,0
"KYNU",1,0,0,0
"CYP2U1-AS1",1,0,0,0
"ZNF90",1,0,0,0
"ZNF486",1,0,0,0
"FAM72A",1,1,1,0
"LRRC69",1,0,0,0
"SLC26A7",1,0,0,0
"ICA1L",1,0,0,0
"IKBKE",1,0,0,0
"MCM4",1,1,1,1
"RASSF5",1,0,0,0
"CCDC15",1,1,1,0
"LINC03000",1,0,0,0
"AQP9",1,0,0,0
"CENPL",1,0,1,0
"SLFN12",1,0,0,0
"ANKLE1",1,0,0,0
"RCC1",1,1,0,0
"PRKDC",1,1,0,0
"TOGARAM2",1,0,0,0
"TMPO-AS1",1,1,0,0
"ZFHX3-AS1",1,0,0,0
"FBXO38-DT",1,0,0,0
"ZNF703",1,0,0,0
"FAM86C2P",1,0,0,0
"TMEM132D-AS1",1,0,0,0
"SNAPIN",1,1,0,0
"APBB1",1,0,0,0
"PURPL",1,0,0,0
"LINC02882",1,0,0,0
"EIF4EBP1",1,1,0,0
"CCDC18",1,0,0,0
"FBN1",1,0,0,0
"CEP83-DT",1,0,0,0
"LINC02367",1,1,0,0
"IL22RA1",1,0,0,0
"CLU",1,0,0,0
"ELF3",1,0,1,0
"SIPA1L2",1,0,0,0
"HDGFL3",1,0,0,0
"ESCO2",1,1,1,0
"LYRM4-AS1",1,0,0,0
"PBK",1,1,1,0
"ALOX12P2",1,0,0,0
"WDCP",1,0,0,0
"CKS1B",1,1,0,0
"FLAD1",1,1,0,0
"BRCA1",1,1,1,1
"POLA2",1,0,0,0
"ADAM15",1,0,0,0
"LDHA",1,0,0,0
"LILRA6",1,0,0,0
"REEP1",1,0,0,0
"SAMD1",1,0,0,0
"CACNA1A",1,0,0,0
"GPC1",1,0,0,0
"MTMR11",1,1,0,0
"OTUD7B",1,1,0,0
"FAM72D",1,1,1,0
"DUSP14",1,1,0,0
"ITGB1BP1",1,1,0,0
"ANKRD34A",1,0,0,0
"PRR11-AS1",1,0,0,0
"RGS9",1,1,0,0
"FHAD1",1,0,0,0
"LINC01234",1,0,1,0
"FAM157A",1,0,0,0
"FAM86JP",1,1,0,0
"FAM86HP",1,0,0,0
"LINC02985",1,0,0,0
"ZNF892",1,0,0,0
"EMC3-AS1",1,1,0,0
"S100A11",1,0,0,0
"NXPE3",1,0,0,0
"CFAP418",1,0,0,0
"CEP85",1,1,0,0
"KIF15",1,1,1,1
"FAM174A-DT",1,0,0,0
"LINC00943",1,0,0,0
"NDC1",1,1,0,0
"METTL13",1,0,0,0
"CBX1",1,0,0,1
"GPAT2",1,0,0,0
"MICAL2",1,0,0,0
"DRAIC",1,0,0,0
"FTCDNL1",1,0,0,0
"ERBB2",1,0,0,0
"CEP97",1,0,0,0
"LINC00882",1,0,0,0
"PYCR2",1,0,0,0
"LINC01801",1,0,0,0
"LINC03080",1,0,0,0
"CPS1",1,0,0,0
"ZNF823",1,0,0,0
"CKAP5",1,1,0,1
"ZNF826P",1,1,0,0
"IGSF9",1,0,0,0
"TARS2",1,1,0,0
"EXOSC4",1,0,0,0
"ZNF850",1,1,0,0
"ZNF790-AS1",1,0,0,0
"KHDRBS3",1,0,0,0
"GPAA1",1,0,0,0
"LINC00944",1,0,0,0
"SEMA4A",1,0,0,0
"ADGRE2",1,0,0,0
"JAML",1,0,0,0
"ALG1L13P",1,0,0,0
"IL1RAP",1,0,0,0
"TRIM46",1,1,0,0
"MUC1",1,0,0,0
"HERC2P3",1,0,0,0
"CDRT15P4",1,0,0,0
"FAR2P2",1,1,0,0
"LY6E",1,0,0,0
"H4C15",1,0,0,0
"ANKRD33BP1",1,0,0,0
"STK38",1,0,0,0
"ZNF696",1,1,0,0
"IRAG1",1,0,0,0
"H4C14",1,0,0,0
"PM20D2",1,0,0,1
"H3C14",1,0,0,0
"GABRR1",1,0,0,0
"PRR29-AS1",1,0,0,0
"ZNF738",1,0,0,0
"TSPOAP1-AS1",1,0,0,0
"TFAP2A",1,0,0,0
"TFAP2A-AS1",1,0,0,0
"MYC",1,0,0,0
"SCN3A",1,0,0,0
"KCNQ3",1,0,0,0
"SGO2",1,1,1,1
"SLFNL1",1,0,0,0
"BSG-AS1",1,0,0,0
"GRB14",1,0,0,1
"GLB1L2",1,0,0,0
"LBX2",1,0,0,0
"WNT6",1,1,0,0
"IPO9",1,1,1,1
"SHISA4",1,0,0,0
"TMEM151B",1,0,0,0
"CHEK1",1,1,1,0
"POLH-AS1",1,0,0,0
"CDCA2",1,1,1,0
"DOC2GP",1,0,0,0
"IARS2",1,0,0,0
"ST3GAL1",1,0,0,0
"SMC4",1,1,1,1
"HOMER3-AS1",1,0,0,0
"PCAT19",1,0,0,0
"LINC00665",1,0,0,0
"CDC6",1,1,0,1
"EEF1A1P23",1,0,0,0
"TOP2A",1,1,1,1
"MCM6",1,1,1,1
"SLC4A7",1,0,0,0
"RAD54L",1,1,0,0
"ERI1",1,1,0,0
"ZNF45-AS1",1,0,0,0
"F5",1,0,0,0
"SMPD5",1,0,0,0
"ARC",1,0,0,0
"ZNF528-AS1",1,0,0,0
"CENPA",1,1,1,0
"CCDC86",1,1,0,0
"CCDC34",1,1,0,0
"MSH6",1,1,0,0
"KIF18A",1,0,0,0
"FLRT1",1,0,0,0
"LINC00958",1,0,0,0
"NOC2LP1",1,0,0,0
"MRTO4",1,1,0,0
"RABIF",1,1,1,0
"PLAAT4",1,0,0,0
"SETDB1",1,1,1,0
"JRK",1,0,0,0
"FBXO41",1,0,0,0
"PHLDA2",1,0,0,0
"MSH2",1,1,1,0
"INCENP",1,1,0,1
"EMC1",1,0,0,0
"E2F8",1,1,1,0
"ARPC5",1,0,1,0
"ZNF833P",1,0,0,0
"EXO5",1,0,0,0
"LINC01608",1,0,0,0
"VPS72",1,1,0,0
"SEMA6C",1,0,0,0
"LINC02551",1,0,0,0
"MCM2",1,1,1,1
"H2AC25",1,0,0,0
"LNCOC1",1,0,0,0
"MREG",1,0,0,0
"PECR",1,1,0,0
"MTARC1",1,0,0,0
"P2RY1",1,0,0,0
"PSRC1",1,1,0,0
"ZBTB37",1,0,1,0
"HK2",1,0,0,0
"SPATA31H1",1,0,0,0
"CCDC74A",1,0,0,0
"ESAM-AS1",1,0,0,0
"CD96",1,0,0,0
"TRAF3IP3",1,0,0,0
"C1orf74",1,1,0,0
"UTP25",1,1,1,0
"RIMKLA",1,0,0,0
"INAVA",1,0,0,0
"PFN1P8",1,0,0,0
"PRKAB2",1,0,1,0
"ZAP70",1,0,0,0
"PDCL3",1,0,0,0
"CCDC15-DT",1,0,0,0
"STEAP3",1,0,0,0
"GSEC",1,0,0,0
"ACAD9-DT",1,0,0,0
"SOX2-OT",1,1,0,0
"CD28",1,0,0,0
"LINC01301",1,0,0,0
"FAM66B",1,0,0,0
"ATP8B2",1,0,0,0
"RUSC1",1,1,0,0
"ITPRIPL1",1,0,0,0
"NCAPH",1,1,1,1
"PPP1R3B-DT",1,0,0,0
"ARHGEF2",1,0,0,0
"FCRL4",1,0,0,0
"UHMK1",1,0,1,0
"PYDC2-AS1",1,0,0,0
"C1orf220",1,1,0,0
"IL12RB2",1,0,0,0
"IL10",1,0,0,0
"LBX2-AS1",1,1,0,0
"CTPS1",1,1,0,0
"LINC00861",1,0,0,0
"SILC1",1,0,0,0
"CASP1P2",1,0,0,0
"DCLRE1B",1,1,0,0
"LINC01322",1,0,0,0
"DSCC1",1,1,1,0
"DOK2",1,0,0,0
"FAM72B",1,0,1,1
"MSTO1",1,0,0,0
"TEX41",1,0,0,0
"CAPN2",1,0,0,0
"LINC00506",1,0,0,0
"GLMP",1,0,0,0
"TTC13",1,0,1,0
"ANP32E",1,0,1,0
"VIRMA-DT",1,0,0,0
"TMEM18-DT",1,0,0,0
"RNASEH1-DT",1,0,0,0
"IL6R",1,0,0,0
"PDZK1",1,0,0,0
"CD160",1,0,0,0
"POLR3C",1,1,1,0
"ODC1-DT",1,0,0,0
"ATP13A3-DT",1,0,0,0
"LINC02611",1,0,0,0
"UBE2T",1,1,1,1
"FCGR3B",1,0,0,0
"WNT9A",1,0,0,0
"IDH1-AS1",1,0,0,0
"PBX1",1,1,0,0
"IMPDH1P8",1,0,0,0
"GTF3C2-AS2",1,0,0,0
"HK2-DT",1,0,0,0
"LINC01873",1,0,0,0
"MEIS1",1,0,0,0
"NECTIN3-AS1",1,0,0,0
"RPS6KA1",1,1,0,0
"RPL23AP7",1,0,0,0
"LINC00607",1,0,0,0
"ENO1",1,1,0,0
"FAM20B",1,0,0,0
"PDZK1P1",1,0,0,0
"GBA1LP",1,0,0,0
"EMBP1",1,1,0,1
"TPM3",1,0,0,0
"FMOD",1,0,0,0
"FMO5",1,0,0,0
"CCT8P1",1,0,0,0
"CHD1L",1,1,0,0
"CENPF",1,1,1,1
"ENTREP3",1,0,0,0
"NTRK1",1,0,0,0
"ACOT7",1,1,0,0
"CACNA1E",1,0,0,0
"NTPCR",1,1,0,0
"PCNX2",1,0,0,0
"FNBP1L",1,0,0,0
"CDCA8",1,1,1,1
"ZYG11A",1,0,0,0
"HDGF",1,0,0,0
"CACYBP",1,1,1,0
"TNN",1,0,0,0
"LMOD1",1,0,0,0
"BATF3",1,0,0,0
"DISC1",1,0,0,0
"TIPRL",1,0,1,0
"GPATCH4",1,1,1,0
"LINC01355",1,0,0,0
"DEPDC1",1,1,1,0
"PMVK",1,0,0,0
"NUCKS1",1,0,0,0
"RAB29",1,1,0,0
"CLK2",1,0,0,0
"TBX15",1,0,0,0
"EDEM3",1,0,0,0
"ALDH4A1",1,0,0,0
"RAB4A-AS1",1,0,0,0
"TMCO1-AS1",1,0,0,0
"AGMAT",1,0,0,0
"ISG20L2",1,0,1,0
"CD58",1,0,0,0
"SH2D2A",1,1,0,0
"DHCR24",1,0,0,0
"THBS3-AS1",1,0,0,0
"LITATS1",1,0,0,0
"ARHGEF2-AS2",1,0,0,0
"LINC01703",1,0,0,0
"PDC-AS1",1,0,0,0
"BTG2-DT",1,0,0,0
"IL6R-AS1",1,0,0,0
"LRP8-DT",1,0,0,0
"ICMT-DT",1,0,0,0
"POU2F1-DT",1,0,0,0
"LINC00624",1,0,0,0
"EXOSC10-AS1",1,0,0,0
"DCST1-AS1",1,0,0,0
"FLVCR1-DT",1,1,0,0
"LINC01036",1,0,0,0
"KIF14",1,1,1,1
"VANGL1",1,1,0,0
"AIM2",1,0,1,0
"MTX1LP",1,0,0,0
"MSTO2P",1,0,0,0
"BCAN-AS2",1,0,0,0
"SCCPDH",1,0,0,0
"LINC01341",1,0,0,0
"STMN1",1,1,1,1
"AACS",0,1,0,0
"AARSD1",0,1,0,0
"ABCB6",0,1,0,0
"ABCB8",0,1,0,0
"ABCC10",0,1,0,0
"ABCD3",0,1,0,0
"ABCF2",0,1,0,0
"ABHD11",0,1,0,0
"ABHD17C",0,1,0,0
"AC000123.2",0,1,0,0
"AC002310.1",0,1,0,0
"AC004951.1",0,1,0,0
"AC005329.1",0,1,0,0
"AC006064.2",0,1,0,0
"AC006330.1",0,1,0,0
"AC007240.1",0,1,0,0
"AC008013.2",0,1,0,0
"AC008937.3",0,1,0,0
"AC009950.1",0,1,0,0
"AC010435.1",0,1,0,0
"AC010969.2",0,1,0,0
"AC011498.7",0,1,0,0
"AC012073.1",0,1,1,0
"AC018442.1",0,1,0,0
"AC018647.2",0,1,0,0
"AC022532.1",0,1,0,0
"AC026401.3",0,1,0,0
"AC027796.1",0,1,0,0
"AC046185.3",0,1,0,0
"AC060780.1",0,1,0,0
"AC068282.1",0,1,0,0
"AC068491.3",0,1,0,0
"AC073529.1",0,1,0,0
"AC073575.2",0,1,0,0
"AC078846.1",0,1,0,0
"AC079466.1",0,1,0,0
"AC087163.3",0,1,0,0
"AC087741.1",0,1,0,0
"AC090286.2",0,1,0,0
"AC091057.1",0,1,0,0
"AC091057.4",0,1,0,0
"AC091152.2",0,1,0,0
"AC092718.4",0,1,1,0
"AC092745.1",0,1,0,0
"AC093525.6",0,1,0,0
"AC096677.1",0,1,0,0
"AC099850.1",0,1,0,0
"AC105052.4",0,1,0,0
"AC106795.1",0,1,0,0
"AC112484.1",0,1,0,0
"AC116096.1",0,1,0,0
"AC120057.3",0,1,0,0
"AC120114.1",0,1,0,0
"AC120114.3",0,1,0,0
"AC120498.9",0,1,0,0
"AC124319.4",0,1,0,0
"AC126768.3",0,1,0,0
"AC134349.1",0,1,0,0
"ACACA",0,1,0,0
"ACAD9",0,1,0,0
"ACLY",0,1,0,1
"ACOT8",0,1,0,0
"ACTG1P3",0,1,0,0
"ACTN3",0,1,0,0
"ACTR5",0,1,0,0
"ADAMTSL4",0,1,0,0
"ADCK1",0,1,0,0
"ADCY6",0,1,0,0
"ADGRL1",0,1,0,0
"ADGRV1",0,1,0,0
"AGAP3",0,1,0,0
"AGPS",0,1,0,0
"AGRN",0,1,0,0
"AGTRAP",0,1,0,0
"AK3P3",0,1,0,0
"AL021707.2",0,1,0,0
"AL022322.1",0,1,0,0
"AL121772.1",0,1,0,0
"AL121845.3",0,1,0,0
"AL135818.1",0,1,0,0
"AL139260.1",0,1,0,0
"AL160314.2",0,1,0,0
"AL161891.1",0,1,0,0
"AL355482.1",0,1,1,0
"AL356599.1",0,1,0,0
"AL365205.1",0,1,0,0
"AL451074.2",0,1,1,0
"AL513327.3",0,1,0,0
"AL513497.1",0,1,0,0
"AL845472.2",0,1,0,0
"AMDHD2",0,1,0,0
"AMER1",0,1,0,0
"ANAPC1",0,1,0,1
"ANAPC7",0,1,1,0
"ANKRD39",0,1,0,0
"ANKRD54",0,1,0,0
"ANKS1A",0,1,0,0
"AP001062.1",0,1,0,0
"AP002490.1",0,1,0,0
"AP003716.1",0,1,0,0
"AP005328.1",0,1,0,1
"AP5Z1",0,1,0,0
"APOPT1",0,1,0,0
"APTR",0,1,0,0
"ARHGAP33",0,1,0,0
"ARHGAP45",0,1,0,0
"ARL10",0,1,0,0
"ARL2",0,1,0,0
"ARL3",0,1,0,0
"ARMC6",0,1,0,0
"ASB16-AS1",0,1,0,0
"ATAD3B",0,1,0,0
"ATP13A2",0,1,0,0
"ATP8B3",0,1,0,0
"ATRIP",0,1,0,0
"ATXN7L2",0,1,0,0
"AXIN1",0,1,0,0
"BATF2",0,1,0,0
"BCAT2",0,1,0,0
"BCL2L12",0,1,0,0
"BCYRN1",0,1,0,0
"BEND3",0,1,0,0
"BORCS8",0,1,0,0
"BRAT1",0,1,0,0
"BRD3OS",0,1,0,0
"BRD9",0,1,0,0
"BRWD1-AS2",0,1,0,0
"C11orf68",0,1,0,0
"C12orf66",0,1,0,0
"C12orf73",0,1,0,0
"C13orf46",0,1,0,0
"C15orf41",0,1,0,0
"C16orf70",0,1,0,0
"C17orf53",0,1,0,0
"C17orf75",0,1,0,0
"C1orf112",0,1,0,0
"C1orf226",0,1,0,0
"C1RL",0,1,0,0
"C2orf48",0,1,0,0
"C8orf76",0,1,0,0
"C9orf64",0,1,0,0
"CABIN1",0,1,0,0
"CABP4",0,1,0,0
"CACFD1",0,1,0,0
"CACNB4",0,1,0,0
"CALCRL",0,1,0,0
"CALHM5",0,1,0,0
"CAPN15",0,1,0,0
"CAPN3",0,1,0,0
"CARMIL3",0,1,0,0
"CASP2",0,1,0,1
"CCDC106",0,1,0,0
"CCDC113",0,1,0,0
"CCDC125",0,1,0,0
"CCDC127",0,1,0,0
"CCDC180",0,1,0,0
"CCDC57",0,1,0,0
"CCDC78",0,1,0,0
"CCT4P2",0,1,0,0
"CD27-AS1",0,1,0,0
"CD3EAP",0,1,0,0
"CDK10",0,1,0,0
"CDK2",0,1,0,0
"CELSR3",0,1,0,0
"CENPS",0,1,0,0
"CENPX",0,1,0,0
"CEP164",0,1,0,0
"CEP250",0,1,0,0
"CEP295NL",0,1,0,0
"CES3",0,1,0,0
"CFAP70",0,1,0,0
"CHCHD4",0,1,0,0
"CHMP6",0,1,0,0
"CHST12",0,1,0,0
"CHST3",0,1,0,0
"CLDN14",0,1,0,0
"CLDN4",0,1,0,0
"CLN3",0,1,0,0
"CLUAP1",0,1,0,0
"CLUH",0,1,0,0
"CMSS1",0,1,0,0
"CNOT10",0,1,0,0
"CNTROB",0,1,0,0
"COA3",0,1,0,0
"COMMD4",0,1,0,0
"COQ8B",0,1,0,0
"COQ9",0,1,0,1
"CORO6",0,1,0,0
"CPSF3",0,1,0,0
"CRACR2A",0,1,0,0
"CROCC",0,1,0,0
"CSK",0,1,0,0
"CTIF",0,1,0,0
"CTSA",0,1,0,0
"CTU1",0,1,0,0
"CYB5A",0,1,0,0
"CYB5R3",0,1,0,0
"CYBC1",0,1,0,0
"CYP21A2",0,1,0,0
"DBNL",0,1,0,0
"DDB2",0,1,0,0
"DDX11",0,1,0,0
"DDX51",0,1,0,0
"DDX55",0,1,0,0
"DDX56",0,1,0,0
"DECR2",0,1,0,0
"DENND4B",0,1,0,0
"DFFA",0,1,0,0
"DGCR8",0,1,0,0
"DHRS13",0,1,0,0
"DHRS4-AS1",0,1,0,0
"DHRS4L2",0,1,0,0
"DHRS7B",0,1,0,0
"DHX30",0,1,0,0
"DHX33",0,1,0,0
"DHX37",0,1,0,0
"DHX57",0,1,0,0
"DIS3L2",0,1,0,0
"DNAAF5",0,1,0,0
"DNAH11",0,1,0,0
"DNAH12",0,1,0,0
"DNAJA3",0,1,0,0
"DND1",0,1,0,0
"DOP1B",0,1,0,0
"DOT1L",0,1,0,0
"DPCD",0,1,0,0
"DPH2",0,1,0,0
"DTD1",0,1,0,0
"DTD2",0,1,0,0
"DTX2P1-UPK3BP1-PMS2P11",0,1,0,0
"DUS3L",0,1,0,0
"DXO",0,1,0,0
"DYNC2H1",0,1,0,0
"EEFSEC",0,1,0,0
"EEPD1",0,1,0,0
"EFHC1",0,1,0,0
"EFTUD2",0,1,0,1
"EHMT2",0,1,0,0
"EIF3B",0,1,0,0
"ELAC2",0,1,0,0
"ENPP6",0,1,0,0
"ENPP7",0,1,0,0
"EPOP",0,1,0,0
"ERI3",0,1,0,0
"ERLIN1",0,1,0,0
"ERP27",0,1,0,0
"EXOSC10",0,1,0,1
"EXOSC2",0,1,0,0
"EYA3",0,1,0,0
"FAAP100",0,1,0,0
"FAM189B",0,1,0,0
"FAM207A",0,1,0,0
"FAM234A",0,1,0,0
"FAM50A",0,1,0,0
"FAM86DP",0,1,0,0
"FAM90A1",0,1,0,0
"FANCC",0,1,0,0
"FASTK",0,1,0,0
"FBXL18",0,1,0,0
"FBXL19",0,1,0,0
"FBXL6",0,1,0,0
"FBXW9",0,1,0,0
"FCHO1",0,1,0,0
"FKBP4",0,1,0,0
"FOXRED1",0,1,0,0
"FZD1",0,1,0,0
"GALK1",0,1,0,0
"GALNT1",0,1,0,0
"GALNT6",0,1,0,0
"GAS2L1",0,1,0,0
"GATB",0,1,0,0
"GBAP1",0,1,0,0
"GEMIN4",0,1,0,0
"GHRL",0,1,0,0
"GIPC1",0,1,0,0
"GK",0,1,0,0
"GLI4",0,1,0,0
"GNAI1",0,1,0,0
"GNPNAT1",0,1,0,0
"GOLGA2P7",0,1,0,0
"GOLGA8J",0,1,0,0
"GOT1",0,1,0,0
"GPSM2",0,1,0,0
"GSTM4",0,1,0,0
"GTF2H4",0,1,0,0
"GTF2IRD1P1",0,1,0,0
"HAAO",0,1,0,0
"HAGHL",0,1,0,0
"HAUS5",0,1,0,0
"HCFC1",0,1,0,1
"HCFC1R1",0,1,0,0
"HDAC4",0,1,0,0
"HDDC3",0,1,0,0
"HDGFL2",0,1,0,0
"HDHD3",0,1,0,0
"HDHD5",0,1,0,0
"HEATR3",0,1,0,0
"HEATR6",0,1,0,0
"HEG1",0,1,0,0
"HERC2P10",0,1,0,0
"HEYL",0,1,0,0
"HIP1",0,1,0,0
"HNRNPA1P16",0,1,0,0
"HNRNPAB",0,1,0,0
"HOOK2",0,1,0,0
"HOXA3",0,1,0,0
"HYAL2",0,1,0,0
"IFT122",0,1,0,0
"IFT172",0,1,0,0
"IKBKG",0,1,0,0
"IKZF4",0,1,0,0
"IL2RB",0,1,0,0
"INAFM1",0,1,0,0
"INTS1",0,1,0,0
"INTS9",0,1,0,0
"IQCE",0,1,0,0
"ISYNA1",0,1,0,0
"KANK2",0,1,0,0
"KCNAB2",0,1,0,0
"KCNIP2",0,1,0,0
"KCNK12",0,1,0,0
"KCTD17",0,1,0,0
"KIAA0895L",0,1,0,0
"KIFAP3",0,1,0,0
"KLHL25",0,1,0,0
"KPTN",0,1,0,0
"KRI1",0,1,0,0
"KRT8P12",0,1,0,0
"KTN1-AS1",0,1,0,0
"L3MBTL2",0,1,0,0
"LARS2",0,1,0,1
"LCMT1",0,1,0,0
"LGI4",0,1,0,0
"LIG1",0,1,0,1
"LIMK2",0,1,0,0
"LINC00205",0,1,0,0
"LINC00265",0,1,0,0
"LINC00342",0,1,0,0
"LINC00511",0,1,0,0
"LINC00680",0,1,0,0
"LINC00957",0,1,0,0
"LINC01145",0,1,0,0
"LINC01347",0,1,0,0
"LINC01569",0,1,0,0
"LINC01609",0,1,0,0
"LINC01795",0,1,0,0
"LINC02163",0,1,0,0
"LIPE",0,1,0,0
"LIPG",0,1,0,0
"LRRC37A3",0,1,0,0
"LRWD1",0,1,0,0
"LYSMD4",0,1,0,0
"LZTR1",0,1,0,0
"MAD1L1",0,1,0,0
"MAFG-DT",0,1,0,0
"MAGI3",0,1,0,0
"MAMDC4",0,1,0,0
"MANEAL",0,1,0,0
"MAP3K6",0,1,0,0
"MAST2",0,1,0,0
"MBD3",0,1,0,0
"MCM3AP-AS1",0,1,0,0
"MCMBP",0,1,1,0
"MED16",0,1,0,0
"MED24",0,1,0,0
"MED9",0,1,0,0
"MELTF",0,1,0,0
"MELTF-AS1",0,1,0,0
"METTL2A",0,1,0,0
"METTL2B",0,1,0,0
"MGMT",0,1,0,0
"MIIP",0,1,0,0
"MINK1",0,1,0,0
"MIR34AHG",0,1,0,0
"MIR548XHG",0,1,0,0
"MLST8",0,1,0,0
"MMAA",0,1,0,0
"MMP25-AS1",0,1,0,0
"MOCS3",0,1,0,0
"MPI",0,1,0,0
"MR1",0,1,0,0
"MRGBP",0,1,0,0
"MRM2",0,1,0,0
"MRPL24",0,1,0,0
"MRPL38",0,1,0,0
"MRPL4",0,1,0,0
"MRPL46",0,1,0,0
"MRPS11",0,1,0,0
"MRPS17",0,1,0,0
"MRPS23",0,1,0,0
"MRTFB",0,1,0,0
"MVB12A",0,1,0,0
"MXD3",0,1,0,0
"MYH11",0,1,0,0
"MYO19",0,1,1,0
"NADK",0,1,0,0
"NAGPA",0,1,0,0
"NAT14",0,1,0,0
"NBPF3",0,1,0,0
"NCBP3",0,1,0,0
"NCKAP5",0,1,0,0
"NCKIPSD",0,1,0,0
"NELFCD",0,1,0,0
"NHSL1",0,1,0,0
"NINL",0,1,0,0
"NIPSNAP1",0,1,0,0
"NIT1",0,1,0,0
"NLE1",0,1,0,0
"NLRX1",0,1,0,0
"NOC2L",0,1,0,0
"NOC4L",0,1,0,0
"NOD1",0,1,0,0
"NOL11",0,1,0,0
"NOL9",0,1,0,0
"NR2F6",0,1,0,0
"NRDE2",0,1,0,0
"NSMCE1",0,1,0,0
"NUBP2",0,1,0,0
"NUDT14",0,1,0,0
"NUDT16",0,1,0,0
"NUP133",0,1,1,0
"NUP155",0,1,1,1
"NUP205",0,1,0,1
"NUP35",0,1,0,0
"NUP85",0,1,0,0
"NUP93",0,1,0,1
"NXPH4",0,1,0,0
"ODF2",0,1,0,0
"OGFR",0,1,0,0
"OPA3",0,1,0,0
"OPLAH",0,1,0,0
"OR7E94P",0,1,0,0
"OSCP1",0,1,0,0
"OSGEPL1",0,1,0,0
"OXCT2",0,1,0,0
"P3H1",0,1,0,1
"PA2G4",0,1,0,0
"PANK2",0,1,0,0
"PAQR6",0,1,0,0
"PARP10",0,1,0,0
"PASK",0,1,0,0
"PAX8",0,1,0,0
"PAXIP1",0,1,0,1
"PCDHB13",0,1,0,0
"PDCD6",0,1,0,0
"PDE1B",0,1,0,0
"PDHA1",0,1,0,0
"PDLIM7",0,1,0,0
"PELP1",0,1,0,0
"PES1",0,1,0,0
"PEX14",0,1,0,0
"PHB",0,1,0,1
"PHETA2",0,1,0,0
"PHLDA3",0,1,0,0
"PHLDB3",0,1,0,0
"PIGQ",0,1,0,0
"PIGS",0,1,0,0
"PIH1D1",0,1,0,0
"PILRA",0,1,0,0
"PKD1",0,1,0,0
"PKD1P5",0,1,0,0
"PKNOX1",0,1,0,0
"PLCD4",0,1,0,0
"PLD6",0,1,0,0
"PLEKHA7",0,1,0,0
"PLEKHO2",0,1,0,0
"PLOD1",0,1,0,0
"PLXNA4",0,1,0,0
"PMFBP1",0,1,0,0
"POFUT1",0,1,0,0
"POLR3H",0,1,0,0
"POTEI",0,1,1,0
"PPP1R12B",0,1,0,0
"PPP1R16A",0,1,0,0
"PPP5C",0,1,0,0
"PRKAR1B",0,1,0,0
"PRKCQ-AS1",0,1,0,0
"PRMT7",0,1,0,0
"PROSER3",0,1,0,0
"PRR19",0,1,0,0
"PRRT3",0,1,0,0
"PRXL2B",0,1,0,0
"PSKH1",0,1,0,0
"PTN",0,1,0,0
"PTPRF",0,1,0,0
"PTRH1",0,1,0,0
"PUF60",0,1,0,1
"PUS1",0,1,0,0
"PVR",0,1,0,0
"PXMP4",0,1,0,0
"RABEP2",0,1,0,0
"RAPGEFL1",0,1,0,0
"RARRES3",0,1,0,1
"RASA4",0,1,0,0
"RASA4B",0,1,0,0
"RASGRP4",0,1,0,0
"RBKS",0,1,0,0
"RBM28",0,1,0,0
"RBM34",0,1,1,0
"RCC1L",0,1,0,0
"RDH10",0,1,0,0
"RDM1",0,1,0,0
"RGS14",0,1,0,0
"RHBDF1",0,1,0,0
"RIMS3",0,1,0,0
"RNF219-AS1",0,1,0,0
"RNF227",0,1,0,0
"RNF26",0,1,0,0
"RNH1",0,1,0,0
"ROBO3",0,1,0,0
"RPAP1",0,1,0,0
"RPS6KL1",0,1,0,0
"RPUSD2",0,1,0,0
"RRNAD1",0,1,0,0
"RRP1",0,1,0,0
"RRP7A",0,1,0,0
"RRP9",0,1,0,0
"RTEL1",0,1,0,0
"RTEL1-TNFRSF6B",0,1,0,0
"RTL10",0,1,0,0
"RTTN",0,1,0,0
"RUFY1",0,1,0,0
"RUSC1-AS1",0,1,0,0
"SARDH",0,1,0,0
"SCAP",0,1,0,0
"SCARB1",0,1,0,0
"SCRIB",0,1,0,1
"SEH1L",0,1,0,0
"SEMA3E",0,1,0,0
"SEMA4B",0,1,0,0
"SFN",0,1,0,0
"SGMS1",0,1,0,0
"SHANK2",0,1,0,0
"SHROOM1",0,1,0,0
"SLC25A13",0,1,0,0
"SLC27A2",0,1,0,0
"SLC2A4RG",0,1,0,0
"SLC36A1",0,1,0,0
"SLC37A4",0,1,0,0
"SLC38A7",0,1,0,0
"SLC4A2",0,1,0,0
"SLC4A4",0,1,0,0
"SLC5A6",0,1,0,0
"SLC9A3",0,1,0,0
"SLC9A5",0,1,0,0
"SLFNL1-AS1",0,1,0,0
"SMARCA4",0,1,0,0
"SMARCD3",0,1,0,0
"SNRK-AS1",0,1,0,0
"SNRNP35",0,1,0,0
"SNRPG",0,1,0,0
"SNX8",0,1,0,0
"SOX12",0,1,0,0
"SPARC",0,1,0,0
"SPATA5",0,1,0,1
"SPATC1L",0,1,0,0
"SPNS1",0,1,0,0
"SPPL2B",0,1,0,0
"SPTBN5",0,1,0,0
"SREBF1",0,1,1,0
"SRGAP2",0,1,0,0
"STAG3",0,1,0,0
"STAG3L3",0,1,0,0
"STAMBPL1",0,1,0,0
"STAP2",0,1,0,0
"STX1A",0,1,0,0
"STXBP4",0,1,0,0
"SUOX",0,1,0,0
"SVOP",0,1,0,0
"SYNJ2",0,1,0,0
"TACC2",0,1,0,0
"TAF4",0,1,0,0
"TAF6",0,1,0,1
"TANGO6",0,1,0,0
"TAOK2",0,1,0,0
"TBC1D24",0,1,0,0
"TBCD",0,1,0,0
"TBL3",0,1,0,0
"TBRG4",0,1,0,0
"TCHP",0,1,0,0
"TELO2",0,1,0,0
"TEPSIN",0,1,0,0
"TESMIN",0,1,0,0
"TFAP4",0,1,0,0
"THAP4",0,1,0,0
"THEM6",0,1,0,0
"THOC5",0,1,0,0
"THOP1",0,1,0,0
"TIAF1",0,1,0,0
"TIGD4",0,1,0,0
"TLCD1",0,1,0,0
"TM6SF1",0,1,0,0
"TMCC1-AS1",0,1,0,0
"TMEM171",0,1,0,0
"TMEM173",0,1,0,0
"TMEM184A",0,1,0,0
"TMEM231",0,1,0,0
"TMEM237",0,1,1,0
"TMEM43",0,1,0,0
"TMEM80",0,1,0,0
"TNFRSF14-AS1",0,1,0,0
"TOMM40",0,1,0,0
"TOP3A",0,1,1,0
"TPRA1",0,1,0,0
"TRAP1",0,1,0,0
"TRIM25",0,1,0,0
"TRIM41",0,1,0,0
"TRIM61",0,1,0,0
"TRIM65",0,1,0,0
"TRIOBP",0,1,0,0
"TRMT44",0,1,0,0
"TRMT61A",0,1,0,0
"TSC2",0,1,0,0
"TSHZ1",0,1,0,0
"TSR1",0,1,1,0
"TSTA3",0,1,0,0
"TSTD1",0,1,0,0
"TTC21A",0,1,0,0
"TTC4",0,1,0,0
"TTLL5",0,1,0,0
"U62317.2",0,1,0,0
"UBE2Q2P1",0,1,0,0
"UBIAD1",0,1,0,0
"UBTF",0,1,0,0
"UCK2",0,1,1,0
"ULBP1",0,1,0,0
"UPK3B",0,1,0,0
"UROS",0,1,0,0
"USP5",0,1,0,0
"UTS2B",0,1,0,0
"VARS2",0,1,0,0
"VAV1",0,1,0,1
"VPS33A",0,1,0,0
"VRK3",0,1,0,0
"VWCE",0,1,0,0
"WASH5P",0,1,0,0
"WDR18",0,1,0,0
"WDR24",0,1,0,0
"WDR34",0,1,0,0
"WDR53",0,1,0,0
"WDR81",0,1,0,0
"WRNIP1",0,1,0,0
"XKR6",0,1,0,0
"XPO5",0,1,0,0
"YDJC",0,1,0,0
"YEATS2",0,1,0,0
"YIF1B",0,1,0,0
"YJU2",0,1,0,0
"YWHAG",0,1,0,0
"Z99127.3",0,1,0,0
"ZBTB12",0,1,0,0
"ZBTB3",0,1,0,0
"ZBTB9",0,1,0,0
"ZC3H7B",0,1,0,0
"ZC3HC1",0,1,0,0
"ZCCHC4",0,1,0,0
"ZCCHC9",0,1,0,0
"ZDHHC11",0,1,0,0
"ZFAT",0,1,0,0
"ZFP64",0,1,0,0
"ZFYVE28",0,1,0,0
"ZHX3",0,1,0,0
"ZKSCAN5",0,1,0,0
"ZMYM3",0,1,0,0
"ZNF142",0,1,0,0
"ZNF174",0,1,0,0
"ZNF180",0,1,0,0
"ZNF205",0,1,0,0
"ZNF212",0,1,0,0
"ZNF337",0,1,0,0
"ZNF343",0,1,0,0
"ZNF346",0,1,0,0
"ZNF445",0,1,0,0
"ZNF501",0,1,0,0
"ZNF572",0,1,0,0
"ZNF692",0,1,0,0
"ZNF775",0,1,0,0
"ZNF783",0,1,0,0
"ZNF786",0,1,0,0
"ZNF862",0,1,0,0
"ZNRD1",0,1,0,0
"ZRANB3",0,1,0,0
"ZSCAN22",0,1,0,0
"ZSWIM1",0,1,0,0
"ABCE1",0,0,1,0
"AC025423.1",0,0,1,0
"AC106882.1",0,0,1,0
"AC126474.2",0,0,1,0
"AC138894.1",0,0,1,0
"AC139792.2",0,0,1,0
"ACAP2",0,0,1,0
"ACBD6",0,0,1,0
"ADSS",0,0,1,0
"AHCTF1",0,0,1,0
"AL390728.4",0,0,1,0
"AL591030.1",0,0,1,0
"ALDH9A1",0,0,1,0
"ANGEL2",0,0,1,0
"ANKRD30BL",0,0,1,0
"ANKRD45",0,0,1,0
"AP1S2",0,0,1,0
"APOOL",0,0,1,0
"BCLAF3",0,0,1,0
"BROX",0,0,1,0
"BX571818.1",0,0,1,0
"C12orf49",0,0,1,0
"C2CD5",0,0,1,0
"CASP8",0,0,1,0
"CD55",0,0,1,0
"CDC73",0,0,1,0
"CEP135",0,0,1,0
"CEP170",0,0,1,0
"CERNA2",0,0,1,0
"CFAP69",0,0,1,0
"CHTOP",0,0,1,0
"CNIH4",0,0,1,0
"COMMD2",0,0,1,0
"COP1",0,0,1,0
"CSNK2A1",0,0,1,0
"DDX52",0,0,1,0
"DDX59",0,0,1,0
"DESI2",0,0,1,0
"DNAH7",0,0,1,0
"DNM1L",0,0,1,0
"DPY19L2P1",0,0,1,0
"DSTYK",0,0,1,0
"ESF1",0,0,1,0
"FAR2P1",0,0,1,0
"FBXO28",0,0,1,0
"FCRL1",0,0,1,0
"FUT3",0,0,1,0
"FZD7",0,0,1,0
"GPATCH2",0,0,1,0
"GPR89A",0,0,1,0
"GUF1",0,0,1,1
"HIST1H3G",0,0,1,0
"HIST1H4H",0,0,1,0
"HIST2H3C",0,0,1,0
"KLHL12",0,0,1,0
"KLHL20",0,0,1,0
"MBTPS2",0,0,1,0
"MDM1",0,0,1,0
"MED20",0,0,1,0
"METTL18",0,0,1,0
"MPHOSPH9",0,0,1,0
"MST1R",0,0,1,0
"MYO6",0,0,1,0
"NAA15",0,0,1,0
"NAV1",0,0,1,0
"NEK7",0,0,1,0
"NFATC2IP",0,0,1,0
"NPIPB2",0,0,1,0
"NSD2",0,0,1,0
"NT5DC3",0,0,1,0
"PALB2",0,0,1,0
"PDCD10",0,0,1,1
"PFKFB2",0,0,1,0
"PIAS3",0,0,1,0
"PIGC",0,0,1,0
"PKD1P1",0,0,1,0
"PM20D1",0,0,1,0
"PNPT1P1",0,0,1,0
"POLR2D",0,0,1,0
"PPM1L",0,0,1,0
"PPP1R12A",0,0,1,0
"RAB36",0,0,1,0
"RAB3GAP2",0,0,1,0
"RAP1GDS1",0,0,1,0
"RBM8A",0,0,1,0
"RCOR3",0,0,1,0
"RFX5",0,0,1,0
"RGS5",0,0,1,0
"RHOQ",0,0,1,0
"RNF2",0,0,1,0
"RNPEP",0,0,1,0
"RPL23AP82",0,0,1,0
"SBNO1",0,0,1,0
"SCO1",0,0,1,0
"SEPT11",0,0,1,1
"SHROOM4",0,0,1,0
"SMC6",0,0,1,0
"SMG7",0,0,1,0
"SNX27",0,0,1,0
"SRSF1",0,0,1,0
"SSPN",0,0,1,0
"STX6",0,0,1,0
"TIMM17A",0,0,1,0
"TMCO1",0,0,1,0
"TMEM154",0,0,1,0
"TMEM183A",0,0,1,0
"TMEM206",0,0,1,0
"TPR",0,0,1,0
"TRIM37",0,0,1,0
"TSNAX",0,0,1,0
"TTL",0,0,1,0
"UBAP2L",0,0,1,0
"UCHL5",0,0,1,0
"UHRF1BP1L",0,0,1,0
"USP46",0,0,1,0
"USP49",0,0,1,0
"ABCB7",0,0,0,1
"AC022031.2",0,0,0,1
"ACAT2",0,0,0,1
"ADAMTS15",0,0,0,1
"AK8",0,0,0,1
"AP3D1",0,0,0,1
"APOBEC3C",0,0,0,1
"APOBEC3G",0,0,0,1
"ARPC2",0,0,0,1
"ATP7A",0,0,0,1
"ATPAF2",0,0,0,1
"BARD1",0,0,0,1
"BRD8",0,0,0,1
"BTN2A2",0,0,0,1
"CDC23",0,0,0,1
"CDC25B",0,0,0,1
"CDK5RAP2",0,0,0,1
"CHCHD3",0,0,0,1
"CNOT1",0,0,0,1
"CNOT6",0,0,0,1
"CNOT9",0,0,0,1
"COPS3",0,0,0,1
"CSTB",0,0,0,1
"CUL1",0,0,0,1
"CX3CR1",0,0,0,1
"DCAF15",0,0,0,1
"DCAF7",0,0,0,1
"DNAJC11",0,0,0,1
"DNAJC9",0,0,0,1
"DNPEP",0,0,0,1
"DRG2",0,0,0,1
"ERAL1",0,0,0,1
"ERCC3",0,0,0,1
"GOSR2",0,0,0,1
"GPKOW",0,0,0,1
"GSDMD",0,0,0,1
"GTF3C1",0,0,0,1
"HDAC6",0,0,0,1
"HRASLS2",0,0,0,1
"HTT",0,0,0,1
"IK",0,0,0,1
"ITGB5",0,0,0,1
"IWS1",0,0,0,1
"JAKMIP2",0,0,0,1
"LAS1L",0,0,0,1
"MAP3K4",0,0,0,1
"MBOAT1",0,0,0,1
"MCM3AP",0,0,0,1
"MED12",0,0,0,1
"MROH1",0,0,0,1
"MRPL39",0,0,0,1
"MRPS5",0,0,0,1
"MRPS7",0,0,0,1
"MSMO1",0,0,0,1
"NCAPH2",0,0,0,1
"NDUFV2",0,0,0,1
"NMT1",0,0,0,1
"NONO",0,0,0,1
"PBDC1",0,0,0,1
"POU6F2",0,0,0,1
"PPP2R5D",0,0,0,1
"PSMB9",0,0,0,1
"PSMC5",0,0,0,1
"SMARCD2",0,0,0,1
"SNRNP200",0,0,0,1
"SOD1",0,0,0,1
"SQLE",0,0,0,1
"STIP1",0,0,0,1
"SUCLG1",0,0,0,1
"SYCP3",0,0,0,1
"TAF15",0,0,0,1
"TBC1D27P",0,0,0,1
"TOP1MT",0,0,0,1
"TRRAP",0,0,0,1
"UBA1",0,0,0,1
"UBA3",0,0,0,1
"UBE3C",0,0,0,1
"USP37",0,0,0,1
"XPO1",0,0,0,1
"XRCC1",0,0,0,1
"XRCC5",0,0,0,1
